-- Adminer 3.6.2 MySQL dump

SET NAMES utf8;
SET foreign_key_checks = 0;
SET time_zone = 'SYSTEM';
SET sql_mode = 'NO_AUTO_VALUE_ON_ZERO';

DROP TABLE IF EXISTS `about`;
CREATE TABLE `about` (
  `id` int(10) unsigned NOT NULL AUTO_INCREMENT,
  `intro` text,
  `mision` text,
  `vision` text,
  `organigrama` text,
  `src` varchar(255) DEFAULT '',
  `created` datetime DEFAULT NULL,
  PRIMARY KEY (`id`)
) ENGINE=MyISAM DEFAULT CHARSET=utf8;

INSERT INTO `about` (`id`, `intro`, `mision`, `vision`, `organigrama`, `src`, `created`) VALUES
(1,	'<h1>&iquest;Quienes Somos?</h1>\r\n<p>His audiam deserunt in, eum ubique voluptatibus te. In reque dicta usu. Ne rebum dissentiet eam, vim omnis deseruisse id. Ullum deleniti vituperata at quo, insolens complectitur te eos, ea pri dico munere propriae. Vel ferri facilis ut, qui paulo ridens praesent ad. Possim alterum qui cu. Accusamus consulatu ius te, cu decore soleat appareat usu. Est ei erat mucius quaeque. Ei his quas phaedrum, efficiantur mediocritatem ne sed, hinc oratio blandit ei sed. Blandit gloriatur eam et.</p>\r\n<p>Brute noluisse per et, verear disputando neglegentur at quo. Sea quem legere ei, unum soluta ne duo. Ludus complectitur quo te, ut vide autem homero pro.</p>',	'<h1>Misi&oacute;n</h1>\r\n<p>Lorem ipsum dolor sit amet, consectetuer adipiscing elit, sed diam nonummy nibh euismod tincidunt ut laoreet dolore magna aliquam erat volutpat. Ut wisi enim ad minim veniam, quis nostrud exerci tation ullamcorper suscipit lobortis nisl ut aliquip ex ea commodo consequat. Duis autem vel eum iriure dolor in hendrerit in vulputate velit esse molestie consequat, vel illum dolore eu feugiat nulla facilisis at vero eros et accumsan et iusto odio dignissim qui blandit praesent luptatum zzril delenit augue duis dolore te feugait nulla facilisi. Expetenda tincidunt in sed, ex partem placerat sea, porro commodo ex eam. His putant aeterno interesset at. Usu ea mundi tincidunt, omnium virtute aliquando ius ex.</p>\r\n<p>Ea aperiri sententiae duo. Usu nullam dolorum quaestio ei, sit vidit facilisis ea. Per ne impedit iracundia neglegentur. Consetetur neglegentur eum ut, vis animal legimus inimicus id.</p>\r\n<p>His audiam deserunt in, eum ubique voluptatibus te. In reque dicta usu. Ne rebum dissentiet eam, vim omnis deseruisse id. Ullum deleniti vituperata at quo, insolens complectitur te eos, ea pri dico munere propriae. Vel ferri facilis ut, qui paulo ridens praesent ad. Possim alterum qui cu. Accusamus consulatu ius te, cu decore soleat appareat usu. Est ei erat mucius quaeque. Ei his quas phaedrum, efficiantur mediocritatem ne sed, hinc oratio blandit ei sed. Blandit gloriatur eam et.</p>\r\n<p>Brute noluisse per et, verear disputando neglegentur at quo. Sea quem legere ei, unum soluta ne duo. Ludus complectitur quo te, ut vide autem homero pro.</p>',	'<h1>Visi&oacute;n</h1>\r\n<p>Lorem ipsum dolor sit amet, consectetuer adipiscing elit, sed diam nonummy nibh euismod tincidunt ut laoreet dolore magna aliquam erat volutpat. Ut wisi enim ad minim veniam, quis nostrud exerci tation ullamcorper suscipit lobortis nisl ut aliquip ex ea commodo consequat. Duis autem vel eum iriure dolor in hendrerit in vulputate velit esse molestie consequat, vel illum dolore eu feugiat nulla facilisis at vero eros et accumsan et iusto odio dignissim qui blandit praesent luptatum zzril delenit augue duis dolore te feugait nulla facilisi. Expetenda tincidunt in sed, ex partem placerat sea, porro commodo ex eam. His putant aeterno interesset at. Usu ea mundi tincidunt, omnium virtute aliquando ius ex.</p>\r\n<p>Ea aperiri sententiae duo. Usu nullam dolorum quaestio ei, sit vidit facilisis ea. Per ne impedit iracundia neglegentur. Consetetur neglegentur eum ut, vis animal legimus inimicus id.</p>\r\n<p>His audiam deserunt in, eum ubique voluptatibus te. In reque dicta usu. Ne rebum dissentiet eam, vim omnis deseruisse id. Ullum deleniti vituperata at quo, insolens complectitur te eos, ea pri dico munere propriae. Vel ferri facilis ut, qui paulo ridens praesent ad. Possim alterum qui cu. Accusamus consulatu ius te, cu decore soleat appareat usu. Est ei erat mucius quaeque. Ei his quas phaedrum, efficiantur mediocritatem ne sed, hinc oratio blandit ei sed. Blandit gloriatur eam et.</p>\r\n<p>Brute noluisse per et, verear disputando neglegentur at quo. Sea quem legere ei, unum soluta ne duo. Ludus complectitur quo te, ut vide autem homero pro.</p>',	'<h1>Organigrama</h1>\r\n<p>Lorem ipsum dolor sit amet, consectetuer adipiscing elit, sed diam nonummy nibh euismod tincidunt ut laoreet dolore magna aliquam erat volutpat. Ut wisi enim ad minim veniam, quis nostrud exerci tation ullamcorper suscipit lobortis nisl ut aliquip ex ea commodo consequat. Duis autem vel eum iriure dolor in hendrerit in vulputate velit esse molestie consequat, vel illum dolore eu feugiat nulla facilisis at vero eros et accumsan et iusto odio dignissim qui blandit praesent luptatum zzril delenit augue duis dolore te feugait nulla facilisi. Expetenda tincidunt in sed, ex partem placerat sea, porro commodo ex eam. His putant aeterno interesset at. Usu ea mundi tincidunt, omnium virtute aliquando ius ex.</p>\r\n<p>Ea aperiri sententiae duo. Usu nullam dolorum quaestio ei, sit vidit facilisis ea. Per ne impedit iracundia neglegentur. Consetetur neglegentur eum ut, vis animal legimus inimicus id.</p>\r\n<p>His audiam deserunt in, eum ubique voluptatibus te. In reque dicta usu. Ne rebum dissentiet eam, vim omnis deseruisse id. Ullum deleniti vituperata at quo, insolens complectitur te eos, ea pri dico munere propriae. Vel ferri facilis ut, qui paulo ridens praesent ad. Possim alterum qui cu. Accusamus consulatu ius te, cu decore soleat appareat usu. Est ei erat mucius quaeque. Ei his quas phaedrum, efficiantur mediocritatem ne sed, hinc oratio blandit ei sed. Blandit gloriatur eam et.</p>\r\n<p>Brute noluisse per et, verear disputando neglegentur at quo. Sea quem legere ei, unum soluta ne duo. Ludus complectitur quo te, ut vide autem homero pro.</p>',	'upload/0113613908551.jpg',	'2013-02-18 18:44:00');

DROP TABLE IF EXISTS `albumimgs`;
CREATE TABLE `albumimgs` (
  `id` int(10) unsigned NOT NULL AUTO_INCREMENT,
  `album_id` int(10) unsigned DEFAULT NULL,
  `src` varchar(255) NOT NULL,
  `portada` tinyint(1) DEFAULT '0',
  `descripcion` text,
  `orden` int(10) unsigned DEFAULT '0',
  `created` datetime DEFAULT NULL,
  PRIMARY KEY (`id`)
) ENGINE=MyISAM DEFAULT CHARSET=utf8;

INSERT INTO `albumimgs` (`id`, `album_id`, `src`, `portada`, `descripcion`, `orden`, `created`) VALUES
(1,	1,	'upload/img21.jpg',	1,	'<p>hojas de oto&ntilde;o</p>',	1,	'2013-02-19 13:29:59'),
(2,	1,	'upload/img22.jpg',	0,	'<p>niebla puente</p>',	2,	'2013-02-19 13:29:59'),
(3,	1,	'upload/img37.jpg',	0,	'<p>cueva de arena</p>',	3,	'2013-02-19 13:29:59');

DROP TABLE IF EXISTS `albums`;
CREATE TABLE `albums` (
  `id` int(10) unsigned NOT NULL AUTO_INCREMENT,
  `nombre` varchar(255) NOT NULL,
  `slug` varchar(255) NOT NULL,
  `descripcion` text,
  `activo` tinyint(1) DEFAULT '1',
  `comment_count` int(11) DEFAULT '0',
  `albumimg_count` int(11) DEFAULT NULL,
  `created` datetime DEFAULT NULL,
  PRIMARY KEY (`id`)
) ENGINE=MyISAM DEFAULT CHARSET=utf8;

INSERT INTO `albums` (`id`, `nombre`, `slug`, `descripcion`, `activo`, `comment_count`, `albumimg_count`, `created`) VALUES
(1,	'Mi primer album',	'1_mi-primer-album',	'<p>Lorem ipsum dolor sit amet, consectetuer adipiscing elit, sed diam nonummy nibh euismod tincidunt ut laoreet dolore magna aliquam erat volutpat. Ut wisi enim ad minim veniam, quis nostrud exerci tation ullamcorper suscipit lobortis nisl ut aliquip ex ea commodo consequat. Duis autem vel eum iriure dolor in hendrerit in vulputate velit esse molestie consequat, vel illum dolore eu feugiat nulla facilisis at vero eros et accumsan et iusto odio dignissim qui blandit praesent luptatum zzril delenit augue duis dolore te feugait nulla facilisi. Expetenda tincidunt in sed, ex partem placerat sea, porro commodo ex eam. His putant aeterno interesset at. Usu ea mundi tincidunt, omnium virtute aliquando ius ex.</p>\r\n<p>Ea aperiri sententiae duo. Usu nullam dolorum quaestio ei, sit vidit facilisis ea. Per ne impedit iracundia neglegentur. Consetetur neglegentur eum ut, vis animal legimus inimicus id.</p>\r\n<p>His audiam deserunt in, eum ubique voluptatibus te. In reque dicta usu. Ne rebum dissentiet eam, vim omnis deseruisse id. Ullum deleniti vituperata at quo, insolens complectitur te eos, ea pri dico munere propriae. Vel ferri facilis ut, qui paulo ridens praesent ad. Possim alterum qui cu. Accusamus consulatu ius te, cu decore soleat appareat usu. Est ei erat mucius quaeque. Ei his quas phaedrum, efficiantur mediocritatem ne sed, hinc oratio blandit ei sed. Blandit gloriatur eam et.</p>\r\n<p>Brute noluisse per et, verear disputando neglegentur at quo. Sea quem legere ei, unum soluta ne duo. Ludus complectitur quo te, ut vide autem homero pro.</p>',	1,	0,	3,	'2013-02-19 13:29:59');

DROP TABLE IF EXISTS `carousels`;
CREATE TABLE `carousels` (
  `id` int(10) unsigned NOT NULL AUTO_INCREMENT,
  `src` varchar(255) DEFAULT '',
  `enlace` varchar(255) DEFAULT NULL,
  `descripcion` text,
  `activo` tinyint(1) DEFAULT '1',
  `orden` int(10) unsigned DEFAULT '0',
  `created` datetime DEFAULT NULL,
  PRIMARY KEY (`id`)
) ENGINE=MyISAM DEFAULT CHARSET=utf8;

INSERT INTO `carousels` (`id`, `src`, `enlace`, `descripcion`, `activo`, `orden`, `created`) VALUES
(4,	'upload/02156_orangedays_1600x1200.jpg',	NULL,	NULL,	1,	1,	'2013-02-19 13:06:08'),
(5,	'upload/02185_treeoflife_1600x1200.jpg',	NULL,	NULL,	1,	2,	'2013-02-19 13:06:08'),
(6,	'upload/02735_mentonsunset_1920x1200.jpg',	NULL,	NULL,	1,	3,	'2013-02-19 13:06:08');

DROP TABLE IF EXISTS `comments`;
CREATE TABLE `comments` (
  `id` int(10) unsigned NOT NULL AUTO_INCREMENT,
  `parent` varchar(255) NOT NULL,
  `parent_id` int(10) unsigned DEFAULT NULL,
  `autor` varchar(255) NOT NULL,
  `email` varchar(255) NOT NULL,
  `web` varchar(255) DEFAULT NULL,
  `descripcion` text,
  `created` datetime DEFAULT NULL,
  PRIMARY KEY (`id`)
) ENGINE=MyISAM DEFAULT CHARSET=utf8;


DROP TABLE IF EXISTS `documents`;
CREATE TABLE `documents` (
  `id` int(10) unsigned NOT NULL AUTO_INCREMENT,
  `project_id` int(11) DEFAULT NULL,
  `nombre` varchar(255) NOT NULL,
  `src` varchar(255) NOT NULL,
  `activo` tinyint(1) DEFAULT '1',
  `created` datetime DEFAULT NULL,
  PRIMARY KEY (`id`)
) ENGINE=MyISAM DEFAULT CHARSET=utf8;

INSERT INTO `documents` (`id`, `project_id`, `nombre`, `src`, `activo`, `created`) VALUES
(1,	2,	'Descargable 1',	'docs/claves_navicat.txt',	1,	'2013-02-20 11:51:51'),
(2,	2,	'Descargable 2',	'docs/ciclo_dominio.pdf',	1,	'2013-02-20 12:00:37');

DROP TABLE IF EXISTS `eventimgs`;
CREATE TABLE `eventimgs` (
  `id` int(10) unsigned NOT NULL AUTO_INCREMENT,
  `event_id` int(10) unsigned DEFAULT NULL,
  `src` varchar(255) NOT NULL,
  `portada` tinyint(1) DEFAULT '0',
  `descripcion` text,
  `orden` int(10) unsigned DEFAULT '0',
  `created` datetime DEFAULT NULL,
  PRIMARY KEY (`id`)
) ENGINE=MyISAM DEFAULT CHARSET=utf8;

INSERT INTO `eventimgs` (`id`, `event_id`, `src`, `portada`, `descripcion`, `orden`, `created`) VALUES
(1,	1,	'upload/01765_allthatisleft_1280x800.jpg',	1,	NULL,	1,	'2013-02-18 19:45:03'),
(2,	1,	'upload/01686_afternoonshadows_1920x1080.jpg',	0,	NULL,	2,	'2013-02-18 19:45:03'),
(3,	2,	'upload/02096_snowblind_1600x1200.jpg',	1,	NULL,	3,	'2013-02-18 19:46:18'),
(4,	2,	'upload/01831_greensimplicity_1920x1080.jpg',	0,	NULL,	4,	'2013-02-18 19:46:18'),
(5,	2,	'upload/01697_badacsony_1280x800.jpg',	0,	NULL,	5,	'2013-02-18 19:46:18'),
(6,	3,	'upload/01765_allthatisleft_1280x80013612384121.jpg',	1,	NULL,	6,	'2013-02-18 19:46:52'),
(7,	3,	'upload/01732_cavernray_1920x1080.jpg',	0,	NULL,	7,	'2013-02-18 19:46:52'),
(8,	3,	'upload/1600x1200_hd_wallpaper_199_zixpk13612384121.jpg',	0,	NULL,	8,	'2013-02-18 19:46:52');

DROP TABLE IF EXISTS `events`;
CREATE TABLE `events` (
  `id` int(10) unsigned NOT NULL AUTO_INCREMENT,
  `nombre` varchar(255) NOT NULL,
  `slug` varchar(255) NOT NULL,
  `layout` enum('Izquierda','Derecha','Centro') DEFAULT 'Derecha',
  `descripcion` text,
  `activo` tinyint(1) DEFAULT '1',
  `fecha` datetime DEFAULT NULL,
  `created` datetime DEFAULT NULL,
  PRIMARY KEY (`id`)
) ENGINE=MyISAM DEFAULT CHARSET=utf8;

INSERT INTO `events` (`id`, `nombre`, `slug`, `layout`, `descripcion`, `activo`, `fecha`, `created`) VALUES
(1,	'Etiam vitae leo felis, eget consequat metus',	'1_etiam-vitae-leo-felis-eget-consequat-metus',	'Izquierda',	'<p>Lorem ipsum dolor sit amet, consectetuer adipiscing elit, sed diam nonummy nibh euismod tincidunt ut laoreet dolore magna aliquam erat volutpat. Ut wisi enim ad minim veniam, quis nostrud exerci tation ullamcorper suscipit lobortis nisl ut aliquip ex ea commodo consequat. Duis autem vel eum iriure dolor in hendrerit in vulputate velit esse molestie consequat, vel illum dolore eu feugiat nulla facilisis at vero eros et accumsan et iusto odio dignissim qui blandit praesent luptatum zzril delenit augue duis dolore te feugait nulla facilisi. Expetenda tincidunt in sed, ex partem placerat sea, porro commodo ex eam. His putant aeterno interesset at. Usu ea mundi tincidunt, omnium virtute aliquando ius ex.</p>\r\n<p>Ea aperiri sententiae duo. Usu nullam dolorum quaestio ei, sit vidit facilisis ea. Per ne impedit iracundia neglegentur. Consetetur neglegentur eum ut, vis animal legimus inimicus id.</p>\r\n<p>His audiam deserunt in, eum ubique voluptatibus te. In reque dicta usu. Ne rebum dissentiet eam, vim omnis deseruisse id. Ullum deleniti vituperata at quo, insolens complectitur te eos, ea pri dico munere propriae. Vel ferri facilis ut, qui paulo ridens praesent ad. Possim alterum qui cu. Accusamus consulatu ius te, cu decore soleat appareat usu. Est ei erat mucius quaeque. Ei his quas phaedrum, efficiantur mediocritatem ne sed, hinc oratio blandit ei sed. Blandit gloriatur eam et.</p>',	1,	'2013-02-18 19:44:00',	'2013-02-18 19:45:03'),
(2,	'Pellentesque habitant morbi',	'2_pellentesque-habitant-morbi',	'Izquierda',	'<p>Lorem ipsum dolor sit amet, consectetuer adipiscing elit, sed diam nonummy nibh euismod tincidunt ut laoreet dolore magna aliquam erat volutpat. Ut wisi enim ad minim veniam, quis nostrud exerci tation ullamcorper suscipit lobortis nisl ut aliquip ex ea commodo consequat. Duis autem vel eum iriure dolor in hendrerit in vulputate velit esse molestie consequat, vel illum dolore eu feugiat nulla facilisis at vero eros et accumsan et iusto odio dignissim qui blandit praesent luptatum zzril delenit augue duis dolore te feugait nulla facilisi. Expetenda tincidunt in sed, ex partem placerat sea, porro commodo ex eam. His putant aeterno interesset at. Usu ea mundi tincidunt, omnium virtute aliquando ius ex.</p>\r\n<p>Ea aperiri sententiae duo. Usu nullam dolorum quaestio ei, sit vidit facilisis ea. Per ne impedit iracundia neglegentur. Consetetur neglegentur eum ut, vis animal legimus inimicus id.</p>\r\n<p>His audiam deserunt in, eum ubique voluptatibus te. In reque dicta usu. Ne rebum dissentiet eam, vim omnis deseruisse id. Ullum deleniti vituperata at quo, insolens complectitur te eos, ea pri dico munere propriae. Vel ferri facilis ut, qui paulo ridens praesent ad. Possim alterum qui cu. Accusamus consulatu ius te, cu decore soleat appareat usu. Est ei erat mucius quaeque. Ei his quas phaedrum, efficiantur mediocritatem ne sed, hinc oratio blandit ei sed. Blandit gloriatur eam et.</p>',	1,	'2013-02-18 19:45:00',	'2013-02-18 19:46:18'),
(3,	'Integer consequat pharetra justo',	'3_integer-consequat-pharetra-justo',	'Izquierda',	'<p>Lorem ipsum dolor sit amet, consectetuer adipiscing elit, sed diam nonummy nibh euismod tincidunt ut laoreet dolore magna aliquam erat volutpat. Ut wisi enim ad minim veniam, quis nostrud exerci tation ullamcorper suscipit lobortis nisl ut aliquip ex ea commodo consequat. Duis autem vel eum iriure dolor in hendrerit in vulputate velit esse molestie consequat, vel illum dolore eu feugiat nulla facilisis at vero eros et accumsan et iusto odio dignissim qui blandit praesent luptatum zzril delenit augue duis dolore te feugait nulla facilisi. Expetenda tincidunt in sed, ex partem placerat sea, porro commodo ex eam. His putant aeterno interesset at. Usu ea mundi tincidunt, omnium virtute aliquando ius ex.</p>\r\n<p>Ea aperiri sententiae duo.Accusamus consulatu ius te, cu decore soleat appareat usu. Est ei erat mucius quaeque. Ei his quas phaedrum, efficiantur mediocritatem ne sed, hinc oratio blandit ei sed. Blandit gloriatur eam et.</p>\r\n<p>Brute noluisse per et, verear disputando neglegentur at quo. Sea quem legere ei, unum soluta ne duo. Ludus complectitur quo te, ut vide autem homero pro.</p>',	1,	'2013-02-18 19:46:00',	'2013-02-18 19:46:52');

DROP TABLE IF EXISTS `postimgs`;
CREATE TABLE `postimgs` (
  `id` int(10) unsigned NOT NULL AUTO_INCREMENT,
  `post_id` int(10) unsigned DEFAULT NULL,
  `src` varchar(255) NOT NULL,
  `portada` tinyint(1) DEFAULT '0',
  `descripcion` text,
  `orden` int(10) unsigned DEFAULT '0',
  `created` datetime DEFAULT NULL,
  PRIMARY KEY (`id`)
) ENGINE=MyISAM DEFAULT CHARSET=utf8;

INSERT INTO `postimgs` (`id`, `post_id`, `src`, `portada`, `descripcion`, `orden`, `created`) VALUES
(1,	1,	'upload/banner1.jpg',	1,	NULL,	1,	'2013-02-21 17:44:02');

DROP TABLE IF EXISTS `posts`;
CREATE TABLE `posts` (
  `id` int(10) unsigned NOT NULL AUTO_INCREMENT,
  `nombre` varchar(255) NOT NULL,
  `slug` varchar(255) NOT NULL,
  `layout` enum('Izquierda','Derecha','Centro') DEFAULT 'Derecha',
  `descripcion` text,
  `activo` tinyint(1) DEFAULT '1',
  `comment_count` int(11) DEFAULT '0',
  `postimg_count` int(11) DEFAULT '0',
  `created` datetime DEFAULT NULL,
  PRIMARY KEY (`id`)
) ENGINE=MyISAM DEFAULT CHARSET=utf8;

INSERT INTO `posts` (`id`, `nombre`, `slug`, `layout`, `descripcion`, `activo`, `comment_count`, `postimg_count`, `created`) VALUES
(1,	'Cada vez son m&aacute;s los adolescentes que ingresan al Psiqui&aacute;trico',	'1_cada-vez-son-mas-los-adolescentes-que-ingresan-al-psiquiatrico',	'Izquierda',	'<p>Por drogas o intentos de suicidioLa coordinadora del &Aacute;rea de Trabajo Social del Hospital Psiqui&aacute;trico Yucat&aacute;n, Ligia Minerva V&aacute;rguez Quintal, lanz&oacute; ayer una voz de alerta sobr</p>',	1,	0,	1,	'2013-02-21 17:44:02'),
(2,	'Cada vez son m&aacute;s los adolescentes que ingresan al Psiqui&aacute;trico',	'2_cada-vez-son-mas-los-adolescentes-que-ingresan-al-psiquiatrico',	'Izquierda',	'<p>Por drogas o intentos de suicidioLa coordinadora del &Aacute;rea de Trabajo Social del Hospital Psiqui&aacute;trico Yucat&aacute;n, Ligia Minerva V&aacute;rguez Quintal, lanz&oacute; ayer una voz de alerta sobr</p>',	1,	0,	0,	'2013-02-21 17:45:14');

DROP TABLE IF EXISTS `projectimgs`;
CREATE TABLE `projectimgs` (
  `id` int(10) unsigned NOT NULL AUTO_INCREMENT,
  `project_id` int(10) unsigned DEFAULT NULL,
  `src` varchar(255) NOT NULL,
  `portada` tinyint(1) DEFAULT '0',
  `descripcion` text,
  `orden` int(10) unsigned DEFAULT '0',
  `created` datetime DEFAULT NULL,
  PRIMARY KEY (`id`)
) ENGINE=MyISAM DEFAULT CHARSET=utf8;

INSERT INTO `projectimgs` (`id`, `project_id`, `src`, `portada`, `descripcion`, `orden`, `created`) VALUES
(1,	1,	'upload/01731_beachpath_1920x108013612373101.jpg',	1,	NULL,	1,	'2013-02-18 19:28:30'),
(2,	1,	'upload/02375_bigstorm_1600x900.jpg',	0,	NULL,	2,	'2013-02-18 19:28:30'),
(17,	2,	'upload/0113614019611.jpg',	1,	NULL,	11,	'2013-02-20 17:12:41'),
(18,	2,	'upload/0213614019611.jpg',	0,	NULL,	12,	'2013-02-20 17:12:41'),
(19,	2,	'upload/0313614019611.jpg',	0,	NULL,	13,	'2013-02-20 17:12:41'),
(12,	3,	'upload/03.jpg',	0,	NULL,	9,	'2013-02-19 18:28:10'),
(11,	3,	'upload/02.jpg',	0,	NULL,	8,	'2013-02-19 18:28:10'),
(10,	3,	'upload/01.jpg',	1,	NULL,	7,	'2013-02-19 18:28:10'),
(13,	3,	'upload/04.jpg',	0,	NULL,	10,	'2013-02-19 18:28:10');

DROP TABLE IF EXISTS `projects`;
CREATE TABLE `projects` (
  `id` int(10) unsigned NOT NULL AUTO_INCREMENT,
  `nombre` varchar(255) NOT NULL,
  `slug` varchar(255) NOT NULL,
  `layout` enum('Izquierda','Derecha','Centro') DEFAULT 'Derecha',
  `fecha` date DEFAULT NULL,
  `descripcion` text,
  `activo` tinyint(1) DEFAULT '1',
  `orden` int(10) unsigned DEFAULT '0',
  `created` datetime DEFAULT NULL,
  PRIMARY KEY (`id`)
) ENGINE=MyISAM DEFAULT CHARSET=utf8;

INSERT INTO `projects` (`id`, `nombre`, `slug`, `layout`, `fecha`, `descripcion`, `activo`, `orden`, `created`) VALUES
(1,	'Mauris elementum, eros non cursus cursus',	'1_mauris-elementum-eros-non-cursus-cursus',	'Izquierda',	'2013-02-20',	'<p>Lorem ipsum dolor sit amet, consectetuer adipiscing elit, sed diam nonummy nibh euismod tincidunt ut laoreet dolore magna aliquam erat volutpat. Ut wisi enim ad minim veniam, quis nostrud exerci tation ullamcorper suscipit lobortis nisl ut aliquip ex ea commodo consequat. Duis autem vel eum iriure dolor in hendrerit in vulputate velit esse molestie consequat, vel illum dolore eu feugiat nulla facilisis at vero eros et accumsan et iusto odio dignissim qui blandit praesent luptatum zzril delenit augue duis dolore te feugait nulla facilisi. Expetenda tincidunt in sed, ex partem placerat sea, porro commodo ex eam. His putant aeterno interesset at. Usu ea mundi tincidunt, omnium virtute aliquando ius ex.</p>\r\n<p>Ea aperiri sententiae duo. Usu nullam dolorum quaestio ei, sit vidit facilisis ea. Per ne impedit iracundia neglegentur. Consetetur neglegentur eum ut, vis animal legimus inimicus id.</p>\r\n<p>His audiam deserunt in, eum ubique voluptatibus te. In reque dicta usu. Ne rebum dissentiet eam, vim omnis deseruisse id. Ullum deleniti vituperata at quo, insolens complectitur te eos, ea pri dico munere propriae. Vel ferri facilis ut, qui paulo ridens praesent ad. Possim alterum qui cu. Accusamus consulatu ius te, cu decore soleat appareat usu. Est ei erat mucius quaeque. Ei his quas phaedrum, efficiantur mediocritatem ne sed, hinc oratio blandit ei sed. Blandit gloriatur eam et.</p>\r\n<p>Brute noluisse per et, verear disputando neglegentur at quo. Sea quem legere ei, unum soluta ne duo. Ludus complectitur quo te, ut vide autem homero pro.</p>',	1,	1,	'2013-02-18 19:28:30'),
(2,	'Donec nec est non orci bibendum',	'2_donec-nec-est-non-orci-bibendum',	'Izquierda',	'2013-02-20',	'<p>His audiam deserunt in, eum ubique voluptatibus te. In reque dicta usu. Ne rebum dissentiet eam, vim omnis deseruisse id. Ullum deleniti vituperata at quo, insolens complectitur te eos, ea pri dico munere propriae. Vel ferri facilis ut, qui paulo ridens praesent ad. Possim alterum qui cu. Accusamus consulatu ius te, cu decore soleat appareat usu. Est ei erat mucius quaeque. Ei his quas phaedrum, efficiantur mediocritatem ne sed, hinc oratio blandit ei sed. Blandit gloriatur eam et.</p>\r\n<p>Brute noluisse per et, verear disputando neglegentur at quo. Sea quem legere ei, unum soluta ne duo. Ludus complectitur quo te, ut vide autem homero pro.</p>',	1,	2,	'2013-02-18 19:29:26'),
(3,	'Cras posuere mauris non risus dignissim a vulputate',	'3_cras-posuere-mauris-non-risus-dignissim-a-vulputate',	'Izquierda',	'2013-02-20',	'<p>Lorem ipsum dolor sit amet, consectetuer adipiscing elit, sed diam nonummy nibh euismod tincidunt ut laoreet dolore magna aliquam erat volutpat. Ut wisi enim ad minim veniam, quis nostrud exerci tation ullamcorper suscipit lobortis nisl ut aliquip ex ea commodo consequat. Duis autem vel eum iriure dolor in hendrerit in vulputate velit esse molestie consequat, vel illum dolore eu feugiat nulla facilisis at vero eros et accumsan et iusto odio dignissim qui blandit praesent luptatum zzril delenit augue duis dolore te feugait nulla facilisi. Expetenda tincidunt in sed, ex partem placerat sea, porro commodo ex eam. His putant aeterno interesset at. Usu ea mundi tincidunt, omnium virtute aliquando ius ex.</p>\r\n<p>His audiam deserunt in, eum ubique voluptatibus te. In reque dicta usu. Ne rebum dissentiet eam, vim omnis deseruisse id. Ullum deleniti vituperata at quo, insolens complectitur te eos, ea pri dico munere propriae. Vel ferri facilis ut, qui paulo ridens praesent ad. Possim alterum qui cu. Accusamus consulatu ius te, cu decore soleat appareat usu. Est ei erat mucius quaeque. Ei his quas phaedrum, efficiantur mediocritatem ne sed, hinc oratio blandit ei sed. Blandit gloriatur eam et.</p>\r\n<p>Brute noluisse per et, verear disputando neglegentur at quo. Sea quem legere ei, unum soluta ne duo. Ludus complectitur quo te, ut vide autem homero pro.</p>',	1,	3,	'2013-02-18 19:30:12');

DROP TABLE IF EXISTS `researchers`;
CREATE TABLE `researchers` (
  `id` int(10) unsigned NOT NULL AUTO_INCREMENT,
  `nombre` varchar(255) NOT NULL,
  `slug` varchar(255) NOT NULL,
  `puesto` varchar(255) NOT NULL,
  `src` varchar(255) DEFAULT '',
  `cv` varchar(255) DEFAULT '',
  `pubs` varchar(255) DEFAULT '',
  `activo` tinyint(1) DEFAULT '1',
  `orden` int(10) unsigned DEFAULT '0',
  `created` datetime DEFAULT NULL,
  PRIMARY KEY (`id`)
) ENGINE=MyISAM DEFAULT CHARSET=utf8;

INSERT INTO `researchers` (`id`, `nombre`, `slug`, `puesto`, `src`, `cv`, `pubs`, `activo`, `orden`, `created`) VALUES
(1,	'Juan Perez Martinez',	'1_juan-perez-martinez',	'Direcci&oacute;n General',	'upload/img19.jpg',	'',	'',	1,	1,	'2013-02-20 14:26:55'),
(2,	'Jorge Altamirano Torreblanca',	'2_jorge-altamirano-torreblanca',	'Subdirecci&oacute;n',	'upload/02735_mentonsunset_1920x120013614734391.jpg',	'upload/cakephpcookbook.pdf',	'upload/cakephpcookbook.pdf',	1,	2,	'2013-02-20 14:37:57');

DROP TABLE IF EXISTS `services`;
CREATE TABLE `services` (
  `id` int(10) unsigned NOT NULL AUTO_INCREMENT,
  `nombre` varchar(255) NOT NULL,
  `slug` varchar(255) NOT NULL,
  `layout` enum('Izquierda','Derecha','Centro') DEFAULT 'Derecha',
  `src` varchar(255) DEFAULT '',
  `descripcion` text,
  `activo` tinyint(1) DEFAULT '1',
  `orden` int(10) unsigned DEFAULT '0',
  `created` datetime DEFAULT NULL,
  PRIMARY KEY (`id`)
) ENGINE=MyISAM DEFAULT CHARSET=utf8;

INSERT INTO `services` (`id`, `nombre`, `slug`, `layout`, `src`, `descripcion`, `activo`, `orden`, `created`) VALUES
(1,	'Duis malesuada urna ut elit interdum',	'1_duis-malesuada-urna-ut-elit-interdum',	'Derecha',	'upload/01731_beachpath_1920x1080.jpg',	'<p>Lorem ipsum dolor sit amet, consectetuer adipiscing elit, sed diam nonummy nibh euismod tincidunt ut laoreet dolore magna aliquam erat volutpat. Ut wisi enim ad minim veniam, quis nostrud exerci tation ullamcorper suscipit lobortis nisl ut aliquip ex ea commodo consequat. Duis autem vel eum iriure dolor in hendrerit in vulputate velit esse molestie consequat, vel illum dolore eu feugiat nulla facilisis at vero eros et accumsan et iusto odio dignissim qui blandit praesent luptatum zzril delenit augue duis dolore te feugait nulla facilisi. Expetenda tincidunt in sed, ex partem placerat sea, porro commodo ex eam. His putant aeterno interesset at. Usu ea mundi tincidunt, omnium virtute aliquando ius ex.</p>\r\n<p>Ea aperiri sententiae duo. Usu nullam dolorum quaestio ei, sit vidit facilisis ea. Per ne impedit iracundia neglegentur. Consetetur neglegentur eum ut, vis animal legimus inimicus id.</p>\r\n<p>His audiam deserunt in, eum ubique voluptatibus te. In reque dicta usu. Ne rebum dissentiet eam, vim omnis deseruisse id. Ullum deleniti vituperata at quo, insolens complectitur te eos, ea pri dico munere propriae. Vel ferri facilis ut, qui paulo ridens praesent ad. Possim alterum qui cu. Accusamus consulatu ius te, cu decore soleat appareat usu. Est ei erat mucius quaeque. Ei his quas phaedrum, efficiantur mediocritatem ne sed, hinc oratio blandit ei sed. Blandit gloriatur eam et.</p>\r\n<p>Brute noluisse per et, verear disputando neglegentur at quo. Sea quem legere ei, unum soluta ne duo. Ludus complectitur quo te, ut vide autem homero pro.</p>',	1,	1,	'2013-02-18 19:05:28'),
(2,	'Curabitur luctus condimentum augue',	'2_curabitur-luctus-condimentum-augue',	'Izquierda',	'upload/0213614755961.jpg',	'<p>Lorem ipsum dolor sit amet, consectetuer adipiscing elit, sed diam nonummy nibh euismod tincidunt ut laoreet dolore magna aliquam erat volutpat. Ut wisi enim ad minim veniam, quis nostrud exerci tation ullamcorper suscipit lobortis nisl ut aliquip ex ea commodo consequat. Duis autem vel eum iriure dolor in hendrerit in vulputate velit esse molestie consequat, vel illum dolore eu feugiat nulla facilisis at vero eros et accumsan et iusto odio dignissim qui blandit praesent luptatum zzril delenit augue duis dolore te feugait nulla facilisi. Expetenda tincidunt in sed, ex partem placerat sea, porro commodo ex eam. His putant aeterno interesset at. Usu ea mundi tincidunt, omnium virtute aliquando ius ex.</p>\r\n<p>Ea aperiri sententiae duo. Usu nullam dolorum quaestio ei, sit vidit facilisis ea. Per ne impedit iracundia neglegentur. Consetetur neglegentur eum ut, vis animal legimus inimicus id.</p>\r\n<p>His audiam deserunt in, eum ubique voluptatibus te. In reque dicta usu. Ne rebum dissentiet eam, vim omnis deseruisse id. Ullum deleniti vituperata at quo, insolens complectitur te eos, ea pri dico munere propriae. Vel ferri facilis ut, qui paulo ridens praesent ad. Possim alterum qui cu. Accusamus consulatu ius te, cu decore soleat appareat usu. Est ei erat mucius quaeque. Ei his quas phaedrum, efficiantur mediocritatem ne sed, hinc oratio blandit ei sed. Blandit gloriatur eam et.</p>\r\n<p>Brute noluisse per et, verear disputando neglegentur at quo. Sea quem legere ei, unum soluta ne duo. Ludus complectitur quo te, ut vide autem homero pro.</p>',	1,	2,	'2013-02-18 19:05:50'),
(3,	'Aliquam facilisis malesuada nibh non malesuada',	'3_aliquam-facilisis-malesuada-nibh-non-malesuada',	'Centro',	'upload/05.jpg',	'<p>Lorem ipsum dolor sit amet, consectetuer adipiscing elit, sed diam nonummy nibh euismod tincidunt ut laoreet dolore magna aliquam erat volutpat. Ut wisi enim ad minim veniam, quis nostrud exerci tation ullamcorper suscipit lobortis nisl ut aliquip ex ea commodo consequat. Duis autem vel eum iriure dolor in hendrerit in vulputate velit esse molestie consequat, vel illum dolore eu feugiat nulla facilisis at vero eros et accumsan et iusto odio dignissim qui blandit praesent luptatum zzril delenit augue duis dolore te feugait nulla facilisi. Expetenda tincidunt in sed, ex partem placerat sea, porro commodo ex eam. His putant aeterno interesset at. Usu ea mundi tincidunt, omnium virtute aliquando ius ex.</p>\r\n<p>Ea aperiri sententiae duo. Usu nullam dolorum quaestio ei, sit vidit facilisis ea. Per ne impedit iracundia neglegentur. Consetetur neglegentur eum ut, vis animal legimus inimicus id.</p>\r\n<p>His audiam deserunt in, eum ubique voluptatibus te. In reque dicta usu. Ne rebum dissentiet eam, vim omnis deseruisse id. Ullum deleniti vituperata at quo, insolens complectitur te eos, ea pri dico munere propriae. Vel ferri facilis ut, qui paulo ridens praesent ad. Possim alterum qui cu. Accusamus consulatu ius te, cu decore soleat appareat usu. Est ei erat mucius quaeque. Ei his quas phaedrum, efficiantur mediocritatem ne sed, hinc oratio blandit ei sed. Blandit gloriatur eam et.</p>\r\n<p>Brute noluisse per et, verear disputando neglegentur at quo. Sea quem legere ei, unum soluta ne duo. Ludus complectitur quo te, ut vide autem homero pro.</p>',	1,	0,	'2013-02-18 19:06:13'),
(4,	'Ea aperiri sententiae duo',	'4_ea-aperiri-sententiae-duo',	'Izquierda',	'upload/0413614886171.jpg',	'<p>Brute noluisse per et, verear disputando neglegentur at quo. Sea quem legere ei, unum soluta ne duo. Ludus complectitur quo te, ut vide autem homero pro.</p>',	1,	3,	'2013-02-21 17:16:57'),
(5,	'Brute noluisse per et',	'5_brute-noluisse-per-et',	'Izquierda',	'upload/0113614886441.jpg',	'<p>His audiam deserunt in, eum ubique voluptatibus te. In reque dicta usu. Ne rebum dissentiet eam, vim omnis deseruisse id. Ullum deleniti vituperata at quo, insolens complectitur te eos, ea pri dico munere propriae. Vel ferri facilis ut, qui paulo ridens praesent ad. Possim alterum qui cu. Accusamus consulatu ius te, cu decore soleat appareat usu. Est ei erat mucius quaeque. Ei his quas phaedrum, efficiantur mediocritatem ne sed, hinc oratio blandit ei sed. Blandit gloriatur eam et.</p>',	1,	4,	'2013-02-21 17:17:24'),
(6,	'Est ei erat mucius quaeque',	'6_est-ei-erat-mucius-quaeque',	'Izquierda',	'upload/0313614886781.jpg',	'<p>Lorem ipsum dolor sit amet, consectetuer adipiscing elit, sed diam nonummy nibh euismod tincidunt ut laoreet dolore magna aliquam erat volutpat. Ut wisi enim ad minim veniam, quis nostrud exerci tation ullamcorper suscipit lobortis nisl ut aliquip ex ea commodo consequat. Duis autem vel eum iriure dolor in hendrerit in vulputate velit esse molestie consequat, vel illum dolore eu feugiat nulla facilisis at vero eros et accumsan et iusto odio dignissim qui blandit praesent luptatum zzril delenit augue duis dolore te feugait nulla facilisi. Expetenda tincidunt in sed, ex partem placerat sea, porro commodo ex eam. His putant aeterno interesset at. Usu ea mundi tincidunt, omnium virtute aliquando ius ex.</p>\r\n<p>Ea aperiri sententiae duo. Usu nullam dolorum quaestio ei, sit vidit facilisis ea. Per ne impedit iracundia neglegentur. Consetetur neglegentur eum ut, vis animal legimus inimicus id.</p>',	1,	5,	'2013-02-21 17:17:58');

DROP TABLE IF EXISTS `subsemun`;
CREATE TABLE `subsemun` (
  `id` int(10) unsigned NOT NULL AUTO_INCREMENT,
  `descripcion` text,
  `created` datetime DEFAULT NULL,
  PRIMARY KEY (`id`)
) ENGINE=MyISAM DEFAULT CHARSET=utf8;

INSERT INTO `subsemun` (`id`, `descripcion`, `created`) VALUES
(1,	'<p>Lorem ipsum dolor sit amet, consectetuer adipiscing elit, sed diam nonummy nibh euismod tincidunt ut laoreet dolore magna aliquam erat volutpat. Ut wisi enim ad minim veniam, quis nostrud exerci tation ullamcorper suscipit lobortis nisl ut aliquip ex ea commodo consequat. Duis autem vel eum iriure dolor in hendrerit in vulputate velit esse molestie consequat, vel illum dolore eu feugiat nulla facilisis at vero eros et accumsan et iusto odio dignissim qui blandit praesent luptatum zzril delenit augue duis dolore te feugait nulla facilisi. Expetenda tincidunt in sed, ex partem placerat sea, porro commodo ex eam. His putant aeterno interesset at. Usu ea mundi tincidunt, omnium virtute aliquando ius ex.</p>',	'2013-02-19 17:28:16');

DROP TABLE IF EXISTS `users`;
CREATE TABLE `users` (
  `id` int(10) unsigned NOT NULL AUTO_INCREMENT,
  `username` varchar(255) NOT NULL,
  `password` varchar(255) NOT NULL,
  `nombre` varchar(255) DEFAULT NULL,
  `apellidos` varchar(255) DEFAULT NULL,
  `master` tinyint(1) DEFAULT '0',
  `created` datetime DEFAULT NULL,
  PRIMARY KEY (`id`)
) ENGINE=MyISAM DEFAULT CHARSET=utf8;

INSERT INTO `users` (`id`, `username`, `password`, `nombre`, `apellidos`, `master`, `created`) VALUES
(1,	'pulsem',	'327d3429df2c4512edc07ed9e948aa75f5d14f50',	'Master',	NULL,	1,	'2010-01-01 00:00:00'),
(2,	'admin',	'd033e22ae348aeb5660fc2140aec35850c4da997',	'Master',	NULL,	1,	'2010-01-01 00:00:00');

-- 2013-02-25 16:53:40
